country,year,metric_code,metric_name,segment,value,unit,source,source_page,definition_note
Egypt,2016,financial_inclusion_rate,Overall financial inclusion rate,All citizens aged 15+,0.27399999999999997,proportion,Central Bank of Egypt - Financial Inclusion and Payment Systems & Services Indicators (December 2025),2,"Active transactional accounts at banks, Egypt Post, mobile wallets, or prepaid cards; citizens aged 15+."
Egypt,2017,financial_inclusion_rate,Overall financial inclusion rate,All citizens aged 15+,0.33799999999999997,proportion,Central Bank of Egypt - Financial Inclusion and Payment Systems & Services Indicators (December 2025),2,"Active transactional accounts at banks, Egypt Post, mobile wallets, or prepaid cards; citizens aged 15+."
Egypt,2018,financial_inclusion_rate,Overall financial inclusion rate,All citizens aged 15+,0.385,proportion,Central Bank of Egypt - Financial Inclusion and Payment Systems & Services Indicators (December 2025),2,"Active transactional accounts at banks, Egypt Post, mobile wallets, or prepaid cards; citizens aged 15+."
Egypt,2019,financial_inclusion_rate,Overall financial inclusion rate,All citizens aged 15+,0.501,proportion,Central Bank of Egypt - Financial Inclusion and Payment Systems & Services Indicators (December 2025),2,"Active transactional accounts at banks, Egypt Post, mobile wallets, or prepaid cards; citizens aged 15+."
Egypt,2020,financial_inclusion_rate,Overall financial inclusion rate,All citizens aged 15+,0.527,proportion,Central Bank of Egypt - Financial Inclusion and Payment Systems & Services Indicators (December 2025),2,"Active transactional accounts at banks, Egypt Post, mobile wallets, or prepaid cards; citizens aged 15+."
Egypt,2021,financial_inclusion_rate,Overall financial inclusion rate,All citizens aged 15+,0.562,proportion,Central Bank of Egypt - Financial Inclusion and Payment Systems & Services Indicators (December 2025),2,"Active transactional accounts at banks, Egypt Post, mobile wallets, or prepaid cards; citizens aged 15+."
Egypt,2022,financial_inclusion_rate,Overall financial inclusion rate,All citizens aged 15+,0.648,proportion,Central Bank of Egypt - Financial Inclusion and Payment Systems & Services Indicators (December 2025),2,"Active transactional accounts at banks, Egypt Post, mobile wallets, or prepaid cards; citizens aged 15+."
Egypt,2023,financial_inclusion_rate,Overall financial inclusion rate,All citizens aged 15+,0.7070000000000001,proportion,Central Bank of Egypt - Financial Inclusion and Payment Systems & Services Indicators (December 2025),2,"Active transactional accounts at banks, Egypt Post, mobile wallets, or prepaid cards; citizens aged 15+."
Egypt,2024,financial_inclusion_rate,Overall financial inclusion rate,All citizens aged 15+,0.748,proportion,Central Bank of Egypt - Financial Inclusion and Payment Systems & Services Indicators (December 2025),2,"Active transactional accounts at banks, Egypt Post, mobile wallets, or prepaid cards; citizens aged 15+."
Egypt,2025,financial_inclusion_rate,Overall financial inclusion rate,All citizens aged 15+,0.7759999999999999,proportion,Central Bank of Egypt - Financial Inclusion and Payment Systems & Services Indicators (December 2025),2,"Active transactional accounts at banks, Egypt Post, mobile wallets, or prepaid cards; citizens aged 15+."
Egypt,2016,financial_inclusion_rate_women,Women's financial inclusion rate,Women aged 15+,0.191,proportion,Central Bank of Egypt - Financial Inclusion and Payment Systems & Services Indicators (December 2025),2,Financially included women under the CBE active transactional account definition.
Egypt,2017,financial_inclusion_rate_women,Women's financial inclusion rate,Women aged 15+,0.243,proportion,Central Bank of Egypt - Financial Inclusion and Payment Systems & Services Indicators (December 2025),2,Financially included women under the CBE active transactional account definition.
Egypt,2018,financial_inclusion_rate_women,Women's financial inclusion rate,Women aged 15+,0.282,proportion,Central Bank of Egypt - Financial Inclusion and Payment Systems & Services Indicators (December 2025),2,Financially included women under the CBE active transactional account definition.
Egypt,2019,financial_inclusion_rate_women,Women's financial inclusion rate,Women aged 15+,0.444,proportion,Central Bank of Egypt - Financial Inclusion and Payment Systems & Services Indicators (December 2025),2,Financially included women under the CBE active transactional account definition.
Egypt,2020,financial_inclusion_rate_women,Women's financial inclusion rate,Women aged 15+,0.46399999999999997,proportion,Central Bank of Egypt - Financial Inclusion and Payment Systems & Services Indicators (December 2025),2,Financially included women under the CBE active transactional account definition.
Egypt,2021,financial_inclusion_rate_women,Women's financial inclusion rate,Women aged 15+,0.502,proportion,Central Bank of Egypt - Financial Inclusion and Payment Systems & Services Indicators (December 2025),2,Financially included women under the CBE active transactional account definition.
Egypt,2022,financial_inclusion_rate_women,Women's financial inclusion rate,Women aged 15+,0.5760000000000001,proportion,Central Bank of Egypt - Financial Inclusion and Payment Systems & Services Indicators (December 2025),2,Financially included women under the CBE active transactional account definition.
Egypt,2023,financial_inclusion_rate_women,Women's financial inclusion rate,Women aged 15+,0.627,proportion,Central Bank of Egypt - Financial Inclusion and Payment Systems & Services Indicators (December 2025),2,Financially included women under the CBE active transactional account definition.
Egypt,2024,financial_inclusion_rate_women,Women's financial inclusion rate,Women aged 15+,0.688,proportion,Central Bank of Egypt - Financial Inclusion and Payment Systems & Services Indicators (December 2025),2,Financially included women under the CBE active transactional account definition.
Egypt,2025,financial_inclusion_rate_women,Women's financial inclusion rate,Women aged 15+,0.7140000000000001,proportion,Central Bank of Egypt - Financial Inclusion and Payment Systems & Services Indicators (December 2025),2,Financially included women under the CBE active transactional account definition.
Egypt,2020,financial_inclusion_rate_youth,Youth financial inclusion rate,Youth aged 15-35,0.363,proportion,Central Bank of Egypt - Financial Inclusion and Payment Systems & Services Indicators (December 2025),2,Financially included youth aged 15-35 under the CBE definition.
Egypt,2021,financial_inclusion_rate_youth,Youth financial inclusion rate,Youth aged 15-35,0.397,proportion,Central Bank of Egypt - Financial Inclusion and Payment Systems & Services Indicators (December 2025),2,Financially included youth aged 15-35 under the CBE definition.
Egypt,2022,financial_inclusion_rate_youth,Youth financial inclusion rate,Youth aged 15-35,0.466,proportion,Central Bank of Egypt - Financial Inclusion and Payment Systems & Services Indicators (December 2025),2,Financially included youth aged 15-35 under the CBE definition.
Egypt,2023,financial_inclusion_rate_youth,Youth financial inclusion rate,Youth aged 15-35,0.515,proportion,Central Bank of Egypt - Financial Inclusion and Payment Systems & Services Indicators (December 2025),2,Financially included youth aged 15-35 under the CBE definition.
Egypt,2024,financial_inclusion_rate_youth,Youth financial inclusion rate,Youth aged 15-35,0.531,proportion,Central Bank of Egypt - Financial Inclusion and Payment Systems & Services Indicators (December 2025),2,Financially included youth aged 15-35 under the CBE definition.
Egypt,2025,financial_inclusion_rate_youth,Youth financial inclusion rate,Youth aged 15-35,0.568,proportion,Central Bank of Egypt - Financial Inclusion and Payment Systems & Services Indicators (December 2025),2,Financially included youth aged 15-35 under the CBE definition.
Egypt,2025,mobile_wallet_transaction_value,Mobile-wallet transaction value,All mobile-wallet transactions,4.0,EGP trillion,Central Bank of Egypt - Financial Inclusion and Payment Systems & Services Indicators (December 2025),4,"Value of mobile-wallet transactions during 2025, in Egyptian pounds."
Egypt,2019,registered_mobile_wallets,Registered mobile wallets,All registered wallets,15.2,million wallets,Central Bank of Egypt - Financial Inclusion and Payment Systems & Services Indicators (December 2025),4,Total registered mobile wallets; registration is not equivalent to active use or unique people.
Egypt,2020,registered_mobile_wallets,Registered mobile wallets,All registered wallets,19.8,million wallets,Central Bank of Egypt - Financial Inclusion and Payment Systems & Services Indicators (December 2025),4,Total registered mobile wallets; registration is not equivalent to active use or unique people.
Egypt,2021,registered_mobile_wallets,Registered mobile wallets,All registered wallets,25.2,million wallets,Central Bank of Egypt - Financial Inclusion and Payment Systems & Services Indicators (December 2025),4,Total registered mobile wallets; registration is not equivalent to active use or unique people.
Egypt,2022,registered_mobile_wallets,Registered mobile wallets,All registered wallets,30.4,million wallets,Central Bank of Egypt - Financial Inclusion and Payment Systems & Services Indicators (December 2025),4,Total registered mobile wallets; registration is not equivalent to active use or unique people.
Egypt,2023,registered_mobile_wallets,Registered mobile wallets,All registered wallets,39.4,million wallets,Central Bank of Egypt - Financial Inclusion and Payment Systems & Services Indicators (December 2025),4,Total registered mobile wallets; registration is not equivalent to active use or unique people.
Egypt,2024,registered_mobile_wallets,Registered mobile wallets,All registered wallets,50.4,million wallets,Central Bank of Egypt - Financial Inclusion and Payment Systems & Services Indicators (December 2025),4,Total registered mobile wallets; registration is not equivalent to active use or unique people.
Egypt,2025,registered_mobile_wallets,Registered mobile wallets,All registered wallets,60.0,million wallets,Central Bank of Egypt - Financial Inclusion and Payment Systems & Services Indicators (December 2025),4,Total registered mobile wallets; registration is not equivalent to active use or unique people.
