indicator_name,unit,country,country_role,value,rank_desc,reporting_countries
"Number of automated teller machines (ATMs), Per 100,000 adults","per 100,000 adults",Saudi Arabia,Advanced benchmark,56.05703411844913,1,6
"Number of automated teller machines (ATMs), Per 100,000 adults","per 100,000 adults",Egypt,Main market,37.05836131119086,2,6
"Number of automated teller machines (ATMs), Per 100,000 adults","per 100,000 adults",Tunisia,Peer market,35.43924667635089,3,6
"Number of automated teller machines (ATMs), Per 100,000 adults","per 100,000 adults",Jordan,Peer market,30.36284347030322,4,6
"Number of automated teller machines (ATMs), Per 100,000 adults","per 100,000 adults",Morocco,Peer market,28.45706057667444,5,6
"Number of automated teller machines (ATMs), Per 100,000 adults","per 100,000 adults",Algeria,Peer market,12.08916091902641,6,6
"Number of commercial bank branches, Per 100,000 adults","per 100,000 adults",Tunisia,Peer market,22.3680086435304,1,6
"Number of commercial bank branches, Per 100,000 adults","per 100,000 adults",Morocco,Peer market,20.21549470175719,2,6
"Number of commercial bank branches, Per 100,000 adults","per 100,000 adults",Jordan,Peer market,11.81054684330051,3,6
"Number of commercial bank branches, Per 100,000 adults","per 100,000 adults",Saudi Arabia,Advanced benchmark,7.187943412999148,4,6
"Number of commercial bank branches, Per 100,000 adults","per 100,000 adults",Egypt,Main market,6.564351114438116,5,6
"Number of commercial bank branches, Per 100,000 adults","per 100,000 adults",Algeria,Peer market,5.190704903857905,6,6
"Number of deposit accounts, Commercial banks, Per 1,000 adults","per 1,000 adults",Saudi Arabia,Advanced benchmark,2573.011581699325,1,5
"Number of deposit accounts, Commercial banks, Per 1,000 adults","per 1,000 adults",Morocco,Peer market,1244.274433409119,2,5
"Number of deposit accounts, Commercial banks, Per 1,000 adults","per 1,000 adults",Egypt,Main market,850.6386898051834,3,5
"Number of deposit accounts, Commercial banks, Per 1,000 adults","per 1,000 adults",Jordan,Peer market,594.3469179591475,4,5
"Number of deposit accounts, Commercial banks, Per 1,000 adults","per 1,000 adults",Algeria,Peer market,579.5968689471797,5,5
"Number of mobile and internet banking transactions (during the reference year), Per 1,000 adults","per 1,000 adults",Saudi Arabia,Advanced benchmark,104483.0519598692,1,4
"Number of mobile and internet banking transactions (during the reference year), Per 1,000 adults","per 1,000 adults",Jordan,Peer market,15468.8038013481,2,4
"Number of mobile and internet banking transactions (during the reference year), Per 1,000 adults","per 1,000 adults",Tunisia,Peer market,1739.18247823596,3,4
"Number of mobile and internet banking transactions (during the reference year), Per 1,000 adults","per 1,000 adults",Egypt,Main market,1553.251930558471,4,4
"Number of registered mobile money accounts, Per 1,000 adults","per 1,000 adults",Egypt,Main market,688.2508061865032,1,4
"Number of registered mobile money accounts, Per 1,000 adults","per 1,000 adults",Morocco,Peer market,486.9813803111534,2,4
"Number of registered mobile money accounts, Per 1,000 adults","per 1,000 adults",Jordan,Peer market,378.6425112268861,3,4
"Number of registered mobile money accounts, Per 1,000 adults","per 1,000 adults",Tunisia,Peer market,39.71318765676237,4,4
